"Status","Start Time","Stop Time","Duration in ms","Parent Suite","Suite","Sub Suite","Test Class","Test Method","Name","Description"
"passed","Wed Feb 03 17:40:34 CST 2021","Wed Feb 03 17:40:34 CST 2021","0","","test_calc_new","TestCalculator","","","test_div[get_datas_div55]",""
"passed","Wed Feb 03 17:40:33 CST 2021","Wed Feb 03 17:40:33 CST 2021","0","","test_calc_new","TestCalculator","","","test_add[get_datas_add85]",""
"passed","Wed Feb 03 17:40:33 CST 2021","Wed Feb 03 17:40:33 CST 2021","0","","test_calc_new","TestCalculator","","","test_add[get_datas_add17]",""
"failed","Wed Feb 03 17:40:33 CST 2021","Wed Feb 03 17:40:33 CST 2021","0","","test_calc_new","TestCalculator","","","test_mul[get_datas_mul22]",""
"failed","Wed Feb 03 17:40:33 CST 2021","Wed Feb 03 17:40:33 CST 2021","1","","test_calc_new","TestCalculator","","","test_mul[get_datas_mul3]",""
"passed","Wed Feb 03 17:40:33 CST 2021","Wed Feb 03 17:40:33 CST 2021","0","","test_calc_new","TestCalculator","","","test_mul[get_datas_mul7]",""
"passed","Wed Feb 03 17:40:33 CST 2021","Wed Feb 03 17:40:33 CST 2021","0","","test_calc_new","TestCalculator","","","test_sub[get_datas_sub20]",""
"passed","Wed Feb 03 17:40:33 CST 2021","Wed Feb 03 17:40:33 CST 2021","0","","test_calc_new","TestCalculator","","","test_add[get_datas_add45]",""
"passed","Wed Feb 03 17:40:33 CST 2021","Wed Feb 03 17:40:33 CST 2021","0","","test_calc_new","TestCalculator","","","test_div[get_datas_div48]",""
"passed","Wed Feb 03 17:40:33 CST 2021","Wed Feb 03 17:40:33 CST 2021","0","","test_calc_new","TestCalculator","","","test_add[get_datas_add57]",""
"passed","Wed Feb 03 17:40:33 CST 2021","Wed Feb 03 17:40:33 CST 2021","0","","test_calc_new","TestCalculator","","","test_add[get_datas_add8]",""
"passed","Wed Feb 03 17:40:33 CST 2021","Wed Feb 03 17:40:33 CST 2021","0","","test_calc_new","TestCalculator","","","test_mul[get_datas_mul13]",""
"passed","Wed Feb 03 17:40:33 CST 2021","Wed Feb 03 17:40:33 CST 2021","0","","test_calc_new","TestCalculator","","","test_add[get_datas_add86]",""
"passed","Wed Feb 03 17:40:33 CST 2021","Wed Feb 03 17:40:33 CST 2021","0","","test_calc_new","TestCalculator","","","test_div[get_datas_div14]",""
"passed","Wed Feb 03 17:40:34 CST 2021","Wed Feb 03 17:40:34 CST 2021","1","","test_calc_new","TestCalculator","","","test_div[get_datas_div69]",""
"passed","Wed Feb 03 17:40:33 CST 2021","Wed Feb 03 17:40:33 CST 2021","1","","test_calc_new","TestCalculator","","","test_div[get_datas_div46]",""
"failed","Wed Feb 03 17:40:33 CST 2021","Wed Feb 03 17:40:33 CST 2021","1","","test_calc_new","TestCalculator","","","test_add[get_datas_add92]",""
"passed","Wed Feb 03 17:40:33 CST 2021","Wed Feb 03 17:40:33 CST 2021","0","","test_calc_new","TestCalculator","","","test_add[get_datas_add68]",""
"passed","Wed Feb 03 17:40:33 CST 2021","Wed Feb 03 17:40:33 CST 2021","0","","test_calc_new","TestCalculator","","","test_add[get_datas_add54]",""
"passed","Wed Feb 03 17:40:34 CST 2021","Wed Feb 03 17:40:34 CST 2021","1","","test_calc_new","TestCalculator","","","test_div[get_datas_div52]",""
"passed","Wed Feb 03 17:40:33 CST 2021","Wed Feb 03 17:40:33 CST 2021","0","","test_calc_new","TestCalculator","","","test_div[get_datas_div25]",""
"failed","Wed Feb 03 17:40:33 CST 2021","Wed Feb 03 17:40:33 CST 2021","0","","test_calc_new","TestCalculator","","","test_div[get_datas_div5]",""
"passed","Wed Feb 03 17:40:33 CST 2021","Wed Feb 03 17:40:33 CST 2021","0","","test_calc_new","TestCalculator","","","test_add[get_datas_add11]",""
"passed","Wed Feb 03 17:40:33 CST 2021","Wed Feb 03 17:40:33 CST 2021","0","","test_calc_new","TestCalculator","","","test_add[get_datas_add51]",""
"failed","Wed Feb 03 17:40:33 CST 2021","Wed Feb 03 17:40:33 CST 2021","1","","test_calc_new","TestCalculator","","","test_div[get_datas_div3]",""
"passed","Wed Feb 03 17:40:33 CST 2021","Wed Feb 03 17:40:33 CST 2021","0","","test_calc_new","TestCalculator","","","test_mul[get_datas_mul6]",""
"failed","Wed Feb 03 17:40:33 CST 2021","Wed Feb 03 17:40:33 CST 2021","0","","test_calc_new","TestCalculator","","","test_mul[get_datas_mul0]",""
"passed","Wed Feb 03 17:40:33 CST 2021","Wed Feb 03 17:40:33 CST 2021","1","","test_calc_new","TestCalculator","","","test_add[get_datas_add26]",""
"failed","Wed Feb 03 17:40:33 CST 2021","Wed Feb 03 17:40:33 CST 2021","0","","test_calc_new","TestCalculator","","","test_sub[get_datas_sub26]",""
"passed","Wed Feb 03 17:40:33 CST 2021","Wed Feb 03 17:40:33 CST 2021","1","","test_calc_new","TestCalculator","","","test_add[get_datas_add7]",""
"passed","Wed Feb 03 17:40:33 CST 2021","Wed Feb 03 17:40:33 CST 2021","0","","test_calc_new","TestCalculator","","","test_add[get_datas_add28]",""
"passed","Wed Feb 03 17:40:33 CST 2021","Wed Feb 03 17:40:33 CST 2021","0","","test_calc_new","TestCalculator","","","test_add[get_datas_add22]",""
"passed","Wed Feb 03 17:40:33 CST 2021","Wed Feb 03 17:40:33 CST 2021","1","","test_calc_new","TestCalculator","","","test_add[get_datas_add25]",""
"passed","Wed Feb 03 17:40:33 CST 2021","Wed Feb 03 17:40:33 CST 2021","0","","test_calc_new","TestCalculator","","","test_add[get_datas_add34]",""
"passed","Wed Feb 03 17:40:33 CST 2021","Wed Feb 03 17:40:33 CST 2021","0","","test_calc_new","TestCalculator","","","test_add[get_datas_add39]",""
"passed","Wed Feb 03 17:40:33 CST 2021","Wed Feb 03 17:40:33 CST 2021","0","","test_calc_new","TestCalculator","","","test_div[get_datas_div23]",""
"failed","Wed Feb 03 17:40:33 CST 2021","Wed Feb 03 17:40:33 CST 2021","1","","test_calc_new","TestCalculator","","","test_mul[get_datas_mul23]",""
"passed","Wed Feb 03 17:40:33 CST 2021","Wed Feb 03 17:40:33 CST 2021","0","","test_calc_new","TestCalculator","","","test_add[get_datas_add15]",""
"passed","Wed Feb 03 17:40:33 CST 2021","Wed Feb 03 17:40:33 CST 2021","0","","test_calc_new","TestCalculator","","","test_add[get_datas_add31]",""
"failed","Wed Feb 03 17:40:33 CST 2021","Wed Feb 03 17:40:33 CST 2021","0","","test_calc_new","TestCalculator","","","test_sub[get_datas_sub2]",""
"failed","Wed Feb 03 17:40:33 CST 2021","Wed Feb 03 17:40:33 CST 2021","0","","test_calc_new","TestCalculator","","","test_sub[get_datas_sub25]",""
"passed","Wed Feb 03 17:40:34 CST 2021","Wed Feb 03 17:40:34 CST 2021","0","","test_calc_new","TestCalculator","","","test_div[get_datas_div68]",""
"passed","Wed Feb 03 17:40:33 CST 2021","Wed Feb 03 17:40:33 CST 2021","0","","test_calc_new","TestCalculator","","","test_sub[get_datas_sub13]",""
"passed","Wed Feb 03 17:40:33 CST 2021","Wed Feb 03 17:40:33 CST 2021","0","","test_calc_new","TestCalculator","","","test_add[get_datas_add61]",""
"passed","Wed Feb 03 17:40:33 CST 2021","Wed Feb 03 17:40:33 CST 2021","0","","test_calc_new","TestCalculator","","","test_add[get_datas_add79]",""
"passed","Wed Feb 03 17:40:33 CST 2021","Wed Feb 03 17:40:33 CST 2021","0","","test_calc_new","TestCalculator","","","test_add[get_datas_add49]",""
"passed","Wed Feb 03 17:40:33 CST 2021","Wed Feb 03 17:40:33 CST 2021","0","","test_calc_new","TestCalculator","","","test_add[get_datas_add76]",""
"passed","Wed Feb 03 17:40:33 CST 2021","Wed Feb 03 17:40:33 CST 2021","0","","test_calc_new","TestCalculator","","","test_sub[get_datas_sub21]",""
"failed","Wed Feb 03 17:40:33 CST 2021","Wed Feb 03 17:40:33 CST 2021","0","","test_calc_new","TestCalculator","","","test_div[get_datas_div4]",""
"passed","Wed Feb 03 17:40:33 CST 2021","Wed Feb 03 17:40:33 CST 2021","0","","test_calc_new","TestCalculator","","","test_add[get_datas_add36]",""
"failed","Wed Feb 03 17:40:33 CST 2021","Wed Feb 03 17:40:33 CST 2021","0","","test_calc_new","TestCalculator","","","test_add[get_datas_add2]",""
"passed","Wed Feb 03 17:40:33 CST 2021","Wed Feb 03 17:40:33 CST 2021","1","","test_calc_new","TestCalculator","","","test_sub[get_datas_sub11]",""
"passed","Wed Feb 03 17:40:33 CST 2021","Wed Feb 03 17:40:33 CST 2021","0","","test_calc_new","TestCalculator","","","test_mul[get_datas_mul12]",""
"passed","Wed Feb 03 17:40:33 CST 2021","Wed Feb 03 17:40:33 CST 2021","1","","test_calc_new","TestCalculator","","","test_add[get_datas_add12]",""
"passed","Wed Feb 03 17:40:34 CST 2021","Wed Feb 03 17:40:34 CST 2021","0","","test_calc_new","TestCalculator","","","test_div[get_datas_div70]",""
"failed","Wed Feb 03 17:40:33 CST 2021","Wed Feb 03 17:40:33 CST 2021","0","","test_calc_new","TestCalculator","","","test_mul[get_datas_mul20]",""
"failed","Wed Feb 03 17:40:33 CST 2021","Wed Feb 03 17:40:33 CST 2021","1","","test_calc_new","TestCalculator","","","test_add[get_datas_add0]",""
"passed","Wed Feb 03 17:40:33 CST 2021","Wed Feb 03 17:40:33 CST 2021","0","","test_calc_new","TestCalculator","","","test_mul[get_datas_mul8]",""
"passed","Wed Feb 03 17:40:33 CST 2021","Wed Feb 03 17:40:33 CST 2021","0","","test_calc_new","TestCalculator","","","test_add[get_datas_add55]",""
"passed","Wed Feb 03 17:40:33 CST 2021","Wed Feb 03 17:40:33 CST 2021","0","","test_calc_new","TestCalculator","","","test_sub[get_datas_sub10]",""
"passed","Wed Feb 03 17:40:33 CST 2021","Wed Feb 03 17:40:33 CST 2021","0","","test_calc_new","TestCalculator","","","test_add[get_datas_add50]",""
"passed","Wed Feb 03 17:40:33 CST 2021","Wed Feb 03 17:40:33 CST 2021","0","","test_calc_new","TestCalculator","","","test_add[get_datas_add53]",""
"failed","Wed Feb 03 17:40:33 CST 2021","Wed Feb 03 17:40:33 CST 2021","0","","test_calc_new","TestCalculator","","","test_mul[get_datas_mul1]",""
"passed","Wed Feb 03 17:40:33 CST 2021","Wed Feb 03 17:40:33 CST 2021","0","","test_calc_new","TestCalculator","","","test_div[get_datas_div16]",""
"passed","Wed Feb 03 17:40:34 CST 2021","Wed Feb 03 17:40:34 CST 2021","1","","test_calc_new","TestCalculator","","","test_div[get_datas_div53]",""
"passed","Wed Feb 03 17:40:33 CST 2021","Wed Feb 03 17:40:33 CST 2021","0","","test_calc_new","TestCalculator","","","test_add[get_datas_add87]",""
"passed","Wed Feb 03 17:40:33 CST 2021","Wed Feb 03 17:40:33 CST 2021","0","","test_calc_new","TestCalculator","","","test_add[get_datas_add80]",""
"passed","Wed Feb 03 17:40:33 CST 2021","Wed Feb 03 17:40:33 CST 2021","0","","test_calc_new","TestCalculator","","","test_add[get_datas_add33]",""
"passed","Wed Feb 03 17:40:33 CST 2021","Wed Feb 03 17:40:33 CST 2021","0","","test_calc_new","TestCalculator","","","test_mul[get_datas_mul15]",""
"passed","Wed Feb 03 17:40:33 CST 2021","Wed Feb 03 17:40:33 CST 2021","0","","test_calc_new","TestCalculator","","","test_add[get_datas_add47]",""
"passed","Wed Feb 03 17:40:33 CST 2021","Wed Feb 03 17:40:33 CST 2021","0","","test_calc_new","TestCalculator","","","test_div[get_datas_div11]",""
"passed","Wed Feb 03 17:40:33 CST 2021","Wed Feb 03 17:40:33 CST 2021","0","","test_calc_new","TestCalculator","","","test_add[get_datas_add58]",""
"passed","Wed Feb 03 17:40:33 CST 2021","Wed Feb 03 17:40:33 CST 2021","0","","test_calc_new","TestCalculator","","","test_add[get_datas_add42]",""
"passed","Wed Feb 03 17:40:33 CST 2021","Wed Feb 03 17:40:33 CST 2021","1","","test_calc_new","TestCalculator","","","test_add[get_datas_add78]",""
"passed","Wed Feb 03 17:40:33 CST 2021","Wed Feb 03 17:40:33 CST 2021","0","","test_calc_new","TestCalculator","","","test_sub[get_datas_sub23]",""
"passed","Wed Feb 03 17:40:33 CST 2021","Wed Feb 03 17:40:33 CST 2021","0","","test_calc_new","TestCalculator","","","test_add[get_datas_add70]",""
"passed","Wed Feb 03 17:40:33 CST 2021","Wed Feb 03 17:40:33 CST 2021","0","","test_calc_new","TestCalculator","","","test_div[get_datas_div43]",""
"passed","Wed Feb 03 17:40:33 CST 2021","Wed Feb 03 17:40:33 CST 2021","0","","test_calc_new","TestCalculator","","","test_add[get_datas_add10]",""
"passed","Wed Feb 03 17:40:33 CST 2021","Wed Feb 03 17:40:33 CST 2021","0","","test_calc_new","TestCalculator","","","test_add[get_datas_add23]",""
"passed","Wed Feb 03 17:40:33 CST 2021","Wed Feb 03 17:40:33 CST 2021","0","","test_calc_new","TestCalculator","","","test_div[get_datas_div27]",""
"passed","Wed Feb 03 17:40:33 CST 2021","Wed Feb 03 17:40:33 CST 2021","1","","test_calc_new","TestCalculator","","","test_div[get_datas_div34]",""
"passed","Wed Feb 03 17:40:33 CST 2021","Wed Feb 03 17:40:33 CST 2021","0","","test_calc_new","TestCalculator","","","test_sub[get_datas_sub22]",""
"passed","Wed Feb 03 17:40:33 CST 2021","Wed Feb 03 17:40:33 CST 2021","0","","test_calc_new","TestCalculator","","","test_div[get_datas_div6]",""
"passed","Wed Feb 03 17:40:33 CST 2021","Wed Feb 03 17:40:33 CST 2021","0","","test_calc_new","TestCalculator","","","test_sub[get_datas_sub5]",""
"passed","Wed Feb 03 17:40:33 CST 2021","Wed Feb 03 17:40:33 CST 2021","0","","test_calc_new","TestCalculator","","","test_add[get_datas_add35]",""
"passed","Wed Feb 03 17:40:33 CST 2021","Wed Feb 03 17:40:33 CST 2021","0","","test_calc_new","TestCalculator","","","test_add[get_datas_add30]",""
"passed","Wed Feb 03 17:40:33 CST 2021","Wed Feb 03 17:40:33 CST 2021","0","","test_calc_new","TestCalculator","","","test_add[get_datas_add20]",""
"failed","Wed Feb 03 17:40:34 CST 2021","Wed Feb 03 17:40:34 CST 2021","0","","test_calc_new","TestCalculator","","","test_div[get_datas_div78]",""
"passed","Wed Feb 03 17:40:34 CST 2021","Wed Feb 03 17:40:34 CST 2021","0","","test_calc_new","TestCalculator","","","test_div[get_datas_div61]",""
"passed","Wed Feb 03 17:40:34 CST 2021","Wed Feb 03 17:40:34 CST 2021","0","","test_calc_new","TestCalculator","","","test_div[get_datas_div64]",""
"failed","Wed Feb 03 17:40:33 CST 2021","Wed Feb 03 17:40:33 CST 2021","1","","test_calc_new","TestCalculator","","","test_div[get_datas_div2]",""
"passed","Wed Feb 03 17:40:33 CST 2021","Wed Feb 03 17:40:33 CST 2021","0","","test_calc_new","TestCalculator","","","test_sub[get_datas_sub4]",""
"passed","Wed Feb 03 17:40:33 CST 2021","Wed Feb 03 17:40:33 CST 2021","0","","test_calc_new","TestCalculator","","","test_div[get_datas_div44]",""
"passed","Wed Feb 03 17:40:33 CST 2021","Wed Feb 03 17:40:33 CST 2021","0","","test_calc_new","TestCalculator","","","test_div[get_datas_div7]",""
"failed","Wed Feb 03 17:40:33 CST 2021","Wed Feb 03 17:40:33 CST 2021","0","","test_calc_new","TestCalculator","","","test_mul[get_datas_mul19]",""
"passed","Wed Feb 03 17:40:34 CST 2021","Wed Feb 03 17:40:34 CST 2021","0","","test_calc_new","TestCalculator","","","test_div[get_datas_div59]",""
"passed","Wed Feb 03 17:40:34 CST 2021","Wed Feb 03 17:40:34 CST 2021","0","","test_calc_new","TestCalculator","","","test_div[get_datas_div63]",""
"passed","Wed Feb 03 17:40:33 CST 2021","Wed Feb 03 17:40:33 CST 2021","1","","test_calc_new","TestCalculator","","","test_sub[get_datas_sub7]",""
"passed","Wed Feb 03 17:40:33 CST 2021","Wed Feb 03 17:40:33 CST 2021","0","","test_calc_new","TestCalculator","","","test_add[get_datas_add62]",""
"passed","Wed Feb 03 17:40:33 CST 2021","Wed Feb 03 17:40:33 CST 2021","0","","test_calc_new","TestCalculator","","","test_add[get_datas_add75]",""
"passed","Wed Feb 03 17:40:34 CST 2021","Wed Feb 03 17:40:34 CST 2021","0","","test_calc_new","TestCalculator","","","test_div[get_datas_div74]",""
"passed","Wed Feb 03 17:40:33 CST 2021","Wed Feb 03 17:40:33 CST 2021","0","","test_calc_new","TestCalculator","","","test_div[get_datas_div22]",""
"passed","Wed Feb 03 17:40:34 CST 2021","Wed Feb 03 17:40:34 CST 2021","0","","test_calc_new","TestCalculator","","","test_div[get_datas_div56]",""
"passed","Wed Feb 03 17:40:33 CST 2021","Wed Feb 03 17:40:33 CST 2021","0","","test_calc_new","TestCalculator","","","test_add[get_datas_add38]",""
"passed","Wed Feb 03 17:40:33 CST 2021","Wed Feb 03 17:40:33 CST 2021","0","","test_calc_new","TestCalculator","","","test_sub[get_datas_sub6]",""
"passed","Wed Feb 03 17:40:33 CST 2021","Wed Feb 03 17:40:33 CST 2021","0","","test_calc_new","TestCalculator","","","test_sub[get_datas_sub8]",""
"passed","Wed Feb 03 17:40:33 CST 2021","Wed Feb 03 17:40:33 CST 2021","0","","test_calc_new","TestCalculator","","","test_add[get_datas_add63]",""
"passed","Wed Feb 03 17:40:33 CST 2021","Wed Feb 03 17:40:33 CST 2021","0","","test_calc_new","TestCalculator","","","test_add[get_datas_add82]",""
"failed","Wed Feb 03 17:40:33 CST 2021","Wed Feb 03 17:40:33 CST 2021","0","","test_calc_new","TestCalculator","","","test_mul[get_datas_mul2]",""
"passed","Wed Feb 03 17:40:33 CST 2021","Wed Feb 03 17:40:33 CST 2021","0","","test_calc_new","TestCalculator","","","test_add[get_datas_add41]",""
"passed","Wed Feb 03 17:40:33 CST 2021","Wed Feb 03 17:40:33 CST 2021","0","","test_calc_new","TestCalculator","","","test_div[get_datas_div49]",""
"passed","Wed Feb 03 17:40:34 CST 2021","Wed Feb 03 17:40:34 CST 2021","0","","test_calc_new","TestCalculator","","","test_div[get_datas_div57]",""
"passed","Wed Feb 03 17:40:33 CST 2021","Wed Feb 03 17:40:33 CST 2021","0","","test_calc_new","TestCalculator","","","test_mul[get_datas_mul17]",""
"passed","Wed Feb 03 17:40:33 CST 2021","Wed Feb 03 17:40:33 CST 2021","0","","test_calc_new","TestCalculator","","","test_add[get_datas_add27]",""
"failed","Wed Feb 03 17:40:34 CST 2021","Wed Feb 03 17:40:34 CST 2021","0","","test_calc_new","TestCalculator","","","test_div[get_datas_div76]",""
"passed","Wed Feb 03 17:40:33 CST 2021","Wed Feb 03 17:40:33 CST 2021","1","","test_calc_new","TestCalculator","","","test_div[get_datas_div36]",""
"failed","Wed Feb 03 17:40:33 CST 2021","Wed Feb 03 17:40:33 CST 2021","0","","test_calc_new","TestCalculator","","","test_add[get_datas_add96]",""
"passed","Wed Feb 03 17:40:33 CST 2021","Wed Feb 03 17:40:33 CST 2021","0","","test_calc_new","TestCalculator","","","test_add[get_datas_add71]",""
"passed","Wed Feb 03 17:40:33 CST 2021","Wed Feb 03 17:40:33 CST 2021","0","","test_calc_new","TestCalculator","","","test_sub[get_datas_sub18]",""
"passed","Wed Feb 03 17:40:33 CST 2021","Wed Feb 03 17:40:33 CST 2021","0","","test_calc_new","TestCalculator","","","test_add[get_datas_add37]",""
"passed","Wed Feb 03 17:40:33 CST 2021","Wed Feb 03 17:40:33 CST 2021","0","","test_calc_new","TestCalculator","","","test_add[get_datas_add13]",""
"passed","Wed Feb 03 17:40:33 CST 2021","Wed Feb 03 17:40:33 CST 2021","1","","test_calc_new","TestCalculator","","","test_div[get_datas_div37]",""
"passed","Wed Feb 03 17:40:34 CST 2021","Wed Feb 03 17:40:34 CST 2021","0","","test_calc_new","TestCalculator","","","test_div[get_datas_div60]",""
"passed","Wed Feb 03 17:40:33 CST 2021","Wed Feb 03 17:40:33 CST 2021","0","","test_calc_new","TestCalculator","","","test_add[get_datas_add14]",""
"passed","Wed Feb 03 17:40:33 CST 2021","Wed Feb 03 17:40:33 CST 2021","0","","test_calc_new","TestCalculator","","","test_add[get_datas_add44]",""
"passed","Wed Feb 03 17:40:33 CST 2021","Wed Feb 03 17:40:33 CST 2021","0","","test_calc_new","TestCalculator","","","test_add[get_datas_add65]",""
"failed","Wed Feb 03 17:40:33 CST 2021","Wed Feb 03 17:40:33 CST 2021","1","","test_calc_new","TestCalculator","","","test_add[get_datas_add3]",""
"passed","Wed Feb 03 17:40:33 CST 2021","Wed Feb 03 17:40:33 CST 2021","1","","test_calc_new","TestCalculator","","","test_div[get_datas_div1]",""
"passed","Wed Feb 03 17:40:33 CST 2021","Wed Feb 03 17:40:33 CST 2021","0","","test_calc_new","TestCalculator","","","test_div[get_datas_div18]",""
"passed","Wed Feb 03 17:40:33 CST 2021","Wed Feb 03 17:40:33 CST 2021","0","","test_calc_new","TestCalculator","","","test_div[get_datas_div15]",""
"passed","Wed Feb 03 17:40:33 CST 2021","Wed Feb 03 17:40:33 CST 2021","0","","test_calc_new","TestCalculator","","","test_add[get_datas_add21]",""
"passed","Wed Feb 03 17:40:33 CST 2021","Wed Feb 03 17:40:33 CST 2021","1","","test_calc_new","TestCalculator","","","test_div[get_datas_div45]",""
"passed","Wed Feb 03 17:40:34 CST 2021","Wed Feb 03 17:40:34 CST 2021","0","","test_calc_new","TestCalculator","","","test_div[get_datas_div51]",""
"passed","Wed Feb 03 17:40:33 CST 2021","Wed Feb 03 17:40:33 CST 2021","0","","test_calc_new","TestCalculator","","","test_add[get_datas_add16]",""
"passed","Wed Feb 03 17:40:33 CST 2021","Wed Feb 03 17:40:33 CST 2021","0","","test_calc_new","TestCalculator","","","test_sub[get_datas_sub14]",""
"passed","Wed Feb 03 17:40:33 CST 2021","Wed Feb 03 17:40:33 CST 2021","1","","test_calc_new","TestCalculator","","","test_div[get_datas_div47]",""
"failed","Wed Feb 03 17:40:33 CST 2021","Wed Feb 03 17:40:33 CST 2021","0","","test_calc_new","TestCalculator","","","test_add[get_datas_add90]",""
"passed","Wed Feb 03 17:40:33 CST 2021","Wed Feb 03 17:40:33 CST 2021","0","","test_calc_new","TestCalculator","","","test_div[get_datas_div42]",""
"passed","Wed Feb 03 17:40:33 CST 2021","Wed Feb 03 17:40:33 CST 2021","0","","test_calc_new","TestCalculator","","","test_add[get_datas_add81]",""
"passed","Wed Feb 03 17:40:33 CST 2021","Wed Feb 03 17:40:33 CST 2021","0","","test_calc_new","TestCalculator","","","test_sub[get_datas_sub12]",""
"passed","Wed Feb 03 17:40:33 CST 2021","Wed Feb 03 17:40:33 CST 2021","0","","test_calc_new","TestCalculator","","","test_add[get_datas_add40]",""
"failed","Wed Feb 03 17:40:33 CST 2021","Wed Feb 03 17:40:33 CST 2021","0","","test_calc_new","TestCalculator","","","test_add[get_datas_add94]",""
"passed","Wed Feb 03 17:40:33 CST 2021","Wed Feb 03 17:40:33 CST 2021","1","","test_calc_new","TestCalculator","","","test_div[get_datas_div35]",""
"passed","Wed Feb 03 17:40:33 CST 2021","Wed Feb 03 17:40:33 CST 2021","0","","test_calc_new","TestCalculator","","","test_sub[get_datas_sub16]",""
"passed","Wed Feb 03 17:40:33 CST 2021","Wed Feb 03 17:40:33 CST 2021","1","","test_calc_new","TestCalculator","","","test_add[get_datas_add77]",""
"passed","Wed Feb 03 17:40:33 CST 2021","Wed Feb 03 17:40:33 CST 2021","0","","test_calc_new","TestCalculator","","","test_div[get_datas_div19]",""
"passed","Wed Feb 03 17:40:33 CST 2021","Wed Feb 03 17:40:33 CST 2021","0","","test_calc_new","TestCalculator","","","test_add[get_datas_add69]",""
"failed","Wed Feb 03 17:40:33 CST 2021","Wed Feb 03 17:40:33 CST 2021","0","","test_calc_new","TestCalculator","","","test_add[get_datas_add95]",""
"failed","Wed Feb 03 17:40:33 CST 2021","Wed Feb 03 17:40:33 CST 2021","0","","test_calc_new","TestCalculator","","","test_add[get_datas_add93]",""
"failed","Wed Feb 03 17:40:34 CST 2021","Wed Feb 03 17:40:34 CST 2021","0","","test_calc_new","TestCalculator","","","test_div[get_datas_div79]",""
"passed","Wed Feb 03 17:40:33 CST 2021","Wed Feb 03 17:40:33 CST 2021","0","","test_calc_new","TestCalculator","","","test_div[get_datas_div33]",""
"passed","Wed Feb 03 17:40:33 CST 2021","Wed Feb 03 17:40:33 CST 2021","0","","test_calc_new","TestCalculator","","","test_div[get_datas_div13]",""
"passed","Wed Feb 03 17:40:33 CST 2021","Wed Feb 03 17:40:33 CST 2021","0","","test_calc_new","TestCalculator","","","test_div[get_datas_div21]",""
"passed","Wed Feb 03 17:40:33 CST 2021","Wed Feb 03 17:40:33 CST 2021","0","","test_calc_new","TestCalculator","","","test_add[get_datas_add4]",""
"passed","Wed Feb 03 17:40:33 CST 2021","Wed Feb 03 17:40:33 CST 2021","0","","test_calc_new","TestCalculator","","","test_add[get_datas_add64]",""
"passed","Wed Feb 03 17:40:33 CST 2021","Wed Feb 03 17:40:33 CST 2021","0","","test_calc_new","TestCalculator","","","test_add[get_datas_add56]",""
"passed","Wed Feb 03 17:40:33 CST 2021","Wed Feb 03 17:40:33 CST 2021","0","","test_calc_new","TestCalculator","","","test_add[get_datas_add67]",""
"failed","Wed Feb 03 17:40:33 CST 2021","Wed Feb 03 17:40:33 CST 2021","0","","test_calc_new","TestCalculator","","","test_sub[get_datas_sub24]",""
"failed","Wed Feb 03 17:40:33 CST 2021","Wed Feb 03 17:40:33 CST 2021","0","","test_calc_new","TestCalculator","","","test_sub[get_datas_sub3]",""
"passed","Wed Feb 03 17:40:33 CST 2021","Wed Feb 03 17:40:33 CST 2021","0","","test_calc_new","TestCalculator","","","test_add[get_datas_add43]",""
"passed","Wed Feb 03 17:40:33 CST 2021","Wed Feb 03 17:40:33 CST 2021","0","","test_calc_new","TestCalculator","","","test_div[get_datas_div39]",""
"passed","Wed Feb 03 17:40:33 CST 2021","Wed Feb 03 17:40:33 CST 2021","0","","test_calc_new","TestCalculator","","","test_add[get_datas_add88]",""
"passed","Wed Feb 03 17:40:33 CST 2021","Wed Feb 03 17:40:33 CST 2021","0","","test_calc_new","TestCalculator","","","test_div[get_datas_div9]",""
"failed","Wed Feb 03 17:40:33 CST 2021","Wed Feb 03 17:40:33 CST 2021","1","","test_calc_new","TestCalculator","","","test_sub[get_datas_sub1]",""
"passed","Wed Feb 03 17:40:34 CST 2021","Wed Feb 03 17:40:34 CST 2021","0","","test_calc_new","TestCalculator","","","test_div[get_datas_div58]",""
"passed","Wed Feb 03 17:40:33 CST 2021","Wed Feb 03 17:40:33 CST 2021","0","","test_calc_new","TestCalculator","","","test_mul[get_datas_mul16]",""
"passed","Wed Feb 03 17:40:33 CST 2021","Wed Feb 03 17:40:33 CST 2021","0","","test_calc_new","TestCalculator","","","test_div[get_datas_div31]",""
"passed","Wed Feb 03 17:40:33 CST 2021","Wed Feb 03 17:40:33 CST 2021","1","","test_calc_new","TestCalculator","","","test_div[get_datas_div8]",""
"failed","Wed Feb 03 17:40:33 CST 2021","Wed Feb 03 17:40:33 CST 2021","0","","test_calc_new","TestCalculator","","","test_add[get_datas_add89]",""
"passed","Wed Feb 03 17:40:33 CST 2021","Wed Feb 03 17:40:33 CST 2021","0","","test_calc_new","TestCalculator","","","test_add[get_datas_add83]",""
"passed","Wed Feb 03 17:40:33 CST 2021","Wed Feb 03 17:40:33 CST 2021","0","","test_calc_new","TestCalculator","","","test_div[get_datas_div30]",""
"passed","Wed Feb 03 17:40:33 CST 2021","Wed Feb 03 17:40:33 CST 2021","0","","test_calc_new","TestCalculator","","","test_add[get_datas_add6]",""
"passed","Wed Feb 03 17:40:33 CST 2021","Wed Feb 03 17:40:33 CST 2021","0","","test_calc_new","TestCalculator","","","test_sub[get_datas_sub15]",""
"passed","Wed Feb 03 17:40:34 CST 2021","Wed Feb 03 17:40:34 CST 2021","0","","test_calc_new","TestCalculator","","","test_div[get_datas_div54]",""
"passed","Wed Feb 03 17:40:33 CST 2021","Wed Feb 03 17:40:33 CST 2021","0","","test_calc_new","TestCalculator","","","test_div[get_datas_div28]",""
"passed","Wed Feb 03 17:40:33 CST 2021","Wed Feb 03 17:40:33 CST 2021","0","","test_calc_new","TestCalculator","","","test_div[get_datas_div29]",""
"passed","Wed Feb 03 17:40:34 CST 2021","Wed Feb 03 17:40:34 CST 2021","0","","test_calc_new","TestCalculator","","","test_div[get_datas_div73]",""
"passed","Wed Feb 03 17:40:34 CST 2021","Wed Feb 03 17:40:34 CST 2021","0","","test_calc_new","TestCalculator","","","test_div[get_datas_div66]",""
"passed","Wed Feb 03 17:40:33 CST 2021","Wed Feb 03 17:40:33 CST 2021","1","","test_calc_new","TestCalculator","","","test_add[get_datas_add72]",""
"passed","Wed Feb 03 17:40:33 CST 2021","Wed Feb 03 17:40:33 CST 2021","0","","test_calc_new","TestCalculator","","","test_div[get_datas_div41]",""
"passed","Wed Feb 03 17:40:33 CST 2021","Wed Feb 03 17:40:33 CST 2021","0","","test_calc_new","TestCalculator","","","test_mul[get_datas_mul18]",""
"failed","Wed Feb 03 17:40:33 CST 2021","Wed Feb 03 17:40:33 CST 2021","1","","test_calc_new","TestCalculator","","","test_add[get_datas_add91]",""
"passed","Wed Feb 03 17:40:33 CST 2021","Wed Feb 03 17:40:33 CST 2021","0","","test_calc_new","TestCalculator","","","test_mul[get_datas_mul9]",""
"passed","Wed Feb 03 17:40:33 CST 2021","Wed Feb 03 17:40:33 CST 2021","0","","test_calc_new","TestCalculator","","","test_add[get_datas_add73]",""
"passed","Wed Feb 03 17:40:33 CST 2021","Wed Feb 03 17:40:33 CST 2021","0","","test_calc_new","TestCalculator","","","test_add[get_datas_add29]",""
"failed","Wed Feb 03 17:40:33 CST 2021","Wed Feb 03 17:40:33 CST 2021","1","","test_calc_new","TestCalculator","","","test_div[get_datas_div0]",""
"passed","Wed Feb 03 17:40:33 CST 2021","Wed Feb 03 17:40:33 CST 2021","0","","test_calc_new","TestCalculator","","","test_add[get_datas_add84]",""
"passed","Wed Feb 03 17:40:33 CST 2021","Wed Feb 03 17:40:33 CST 2021","0","","test_calc_new","TestCalculator","","","test_div[get_datas_div26]",""
"failed","Wed Feb 03 17:40:33 CST 2021","Wed Feb 03 17:40:33 CST 2021","0","","test_calc_new","TestCalculator","","","test_add[get_datas_add97]",""
"failed","Wed Feb 03 17:40:33 CST 2021","Wed Feb 03 17:40:33 CST 2021","0","","test_calc_new","TestCalculator","","","test_add[get_datas_add1]",""
"failed","Wed Feb 03 17:40:33 CST 2021","Wed Feb 03 17:40:33 CST 2021","0","","test_calc_new","TestCalculator","","","test_sub[get_datas_sub27]",""
"passed","Wed Feb 03 17:40:33 CST 2021","Wed Feb 03 17:40:33 CST 2021","0","","test_calc_new","TestCalculator","","","test_div[get_datas_div17]",""
"passed","Wed Feb 03 17:40:33 CST 2021","Wed Feb 03 17:40:33 CST 2021","0","","test_calc_new","TestCalculator","","","test_add[get_datas_add66]",""
"passed","Wed Feb 03 17:40:34 CST 2021","Wed Feb 03 17:40:34 CST 2021","1","","test_calc_new","TestCalculator","","","test_div[get_datas_div65]",""
"passed","Wed Feb 03 17:40:33 CST 2021","Wed Feb 03 17:40:33 CST 2021","0","","test_calc_new","TestCalculator","","","test_add[get_datas_add46]",""
"passed","Wed Feb 03 17:40:33 CST 2021","Wed Feb 03 17:40:33 CST 2021","0","","test_calc_new","TestCalculator","","","test_add[get_datas_add9]",""
"passed","Wed Feb 03 17:40:33 CST 2021","Wed Feb 03 17:40:33 CST 2021","0","","test_calc_new","TestCalculator","","","test_div[get_datas_div32]",""
"passed","Wed Feb 03 17:40:33 CST 2021","Wed Feb 03 17:40:33 CST 2021","0","","test_calc_new","TestCalculator","","","test_div[get_datas_div12]",""
"passed","Wed Feb 03 17:40:34 CST 2021","Wed Feb 03 17:40:34 CST 2021","1","","test_calc_new","TestCalculator","","","test_div[get_datas_div75]",""
"passed","Wed Feb 03 17:40:33 CST 2021","Wed Feb 03 17:40:33 CST 2021","1","","test_calc_new","TestCalculator","","","test_add[get_datas_add19]",""
"passed","Wed Feb 03 17:40:33 CST 2021","Wed Feb 03 17:40:33 CST 2021","0","","test_calc_new","TestCalculator","","","test_add[get_datas_add74]",""
"passed","Wed Feb 03 17:40:34 CST 2021","Wed Feb 03 17:40:34 CST 2021","0","","test_calc_new","TestCalculator","","","test_div[get_datas_div72]",""
"passed","Wed Feb 03 17:40:34 CST 2021","Wed Feb 03 17:40:34 CST 2021","0","","test_calc_new","TestCalculator","","","test_div[get_datas_div50]",""
"passed","Wed Feb 03 17:40:33 CST 2021","Wed Feb 03 17:40:33 CST 2021","0","","test_calc_new","TestCalculator","","","test_add[get_datas_add5]",""
"passed","Wed Feb 03 17:40:33 CST 2021","Wed Feb 03 17:40:33 CST 2021","0","","test_calc_new","TestCalculator","","","test_sub[get_datas_sub19]",""
"passed","Wed Feb 03 17:40:33 CST 2021","Wed Feb 03 17:40:33 CST 2021","0","","test_calc_new","TestCalculator","","","test_sub[get_datas_sub17]",""
"passed","Wed Feb 03 17:40:33 CST 2021","Wed Feb 03 17:40:33 CST 2021","0","","test_calc_new","TestCalculator","","","test_mul[get_datas_mul14]",""
"passed","Wed Feb 03 17:40:33 CST 2021","Wed Feb 03 17:40:33 CST 2021","1","","test_calc_new","TestCalculator","","","test_add[get_datas_add60]",""
"failed","Wed Feb 03 17:40:34 CST 2021","Wed Feb 03 17:40:34 CST 2021","1","","test_calc_new","TestCalculator","","","test_div[get_datas_div77]",""
"passed","Wed Feb 03 17:40:33 CST 2021","Wed Feb 03 17:40:33 CST 2021","0","","test_calc_new","TestCalculator","","","test_mul[get_datas_mul5]",""
"passed","Wed Feb 03 17:40:33 CST 2021","Wed Feb 03 17:40:33 CST 2021","0","","test_calc_new","TestCalculator","","","test_mul[get_datas_mul11]",""
"passed","Wed Feb 03 17:40:33 CST 2021","Wed Feb 03 17:40:33 CST 2021","0","","test_calc_new","TestCalculator","","","test_div[get_datas_div10]",""
"passed","Wed Feb 03 17:40:33 CST 2021","Wed Feb 03 17:40:33 CST 2021","0","","test_calc_new","TestCalculator","","","test_div[get_datas_div20]",""
"passed","Wed Feb 03 17:40:33 CST 2021","Wed Feb 03 17:40:33 CST 2021","0","","test_calc_new","TestCalculator","","","test_div[get_datas_div40]",""
"passed","Wed Feb 03 17:40:33 CST 2021","Wed Feb 03 17:40:33 CST 2021","0","","test_calc_new","TestCalculator","","","test_mul[get_datas_mul10]",""
"passed","Wed Feb 03 17:40:33 CST 2021","Wed Feb 03 17:40:33 CST 2021","0","","test_calc_new","TestCalculator","","","test_add[get_datas_add32]",""
"passed","Wed Feb 03 17:40:33 CST 2021","Wed Feb 03 17:40:33 CST 2021","0","","test_calc_new","TestCalculator","","","test_add[get_datas_add18]",""
"passed","Wed Feb 03 17:40:33 CST 2021","Wed Feb 03 17:40:33 CST 2021","1","","test_calc_new","TestCalculator","","","test_add[get_datas_add24]",""
"passed","Wed Feb 03 17:40:33 CST 2021","Wed Feb 03 17:40:33 CST 2021","0","","test_calc_new","TestCalculator","","","test_div[get_datas_div24]",""
"passed","Wed Feb 03 17:40:34 CST 2021","Wed Feb 03 17:40:34 CST 2021","0","","test_calc_new","TestCalculator","","","test_div[get_datas_div71]",""
"passed","Wed Feb 03 17:40:33 CST 2021","Wed Feb 03 17:40:33 CST 2021","0","","test_calc_new","TestCalculator","","","test_add[get_datas_add48]",""
"passed","Wed Feb 03 17:40:33 CST 2021","Wed Feb 03 17:40:33 CST 2021","0","","test_calc_new","TestCalculator","","","test_mul[get_datas_mul4]",""
"passed","Wed Feb 03 17:40:33 CST 2021","Wed Feb 03 17:40:33 CST 2021","0","","test_calc_new","TestCalculator","","","test_div[get_datas_div38]",""
"passed","Wed Feb 03 17:40:33 CST 2021","Wed Feb 03 17:40:33 CST 2021","1","","test_calc_new","TestCalculator","","","test_sub[get_datas_sub9]",""
"passed","Wed Feb 03 17:40:33 CST 2021","Wed Feb 03 17:40:33 CST 2021","0","","test_calc_new","TestCalculator","","","test_add[get_datas_add52]",""
"passed","Wed Feb 03 17:40:34 CST 2021","Wed Feb 03 17:40:34 CST 2021","0","","test_calc_new","TestCalculator","","","test_div[get_datas_div62]",""
"failed","Wed Feb 03 17:40:33 CST 2021","Wed Feb 03 17:40:33 CST 2021","0","","test_calc_new","TestCalculator","","","test_sub[get_datas_sub0]",""
"passed","Wed Feb 03 17:40:33 CST 2021","Wed Feb 03 17:40:33 CST 2021","1","","test_calc_new","TestCalculator","","","test_add[get_datas_add59]",""
"failed","Wed Feb 03 17:40:33 CST 2021","Wed Feb 03 17:40:33 CST 2021","0","","test_calc_new","TestCalculator","","","test_mul[get_datas_mul21]",""
"passed","Wed Feb 03 17:40:34 CST 2021","Wed Feb 03 17:40:34 CST 2021","0","","test_calc_new","TestCalculator","","","test_div[get_datas_div67]",""
"failed","Wed Feb 03 17:40:33 CST 2021","Wed Feb 03 17:40:33 CST 2021","0","","test_calc_new","TestCalculator","","","test_add[get_datas_add98]",""
